title,"i_i_glide_lignum","docking_status","r_glide_cpu_time","r_i_docking_score","s_i_glide_gridfile","r_i_glide_gscore","r_i_glide_lipo","r_i_glide_hbond","r_i_glide_metal","r_i_glide_rewards","r_i_glide_evdw","r_i_glide_ecoul","r_i_glide_erotb","r_i_glide_esite","r_i_glide_emodel","r_i_glide_energy","r_i_glide_einternal"
"5T35_1",1,Done,17.812,-12.8806,"5t35-grid",-12.8811,-4.81425,-0.670375,-0,-1.62568,-78.6622,-14.0275,0.266477,0,-152.427,-92.6897,13.2547
"5T35_2",2,Done,25.954,-10.8706,"5t35-grid",-10.871,-4.75044,0,-0,-1.88702,-74.6487,-4.91412,0.245509,-0.00944526,-128.39,-79.5628,6.37892
"5T35_3",3,Done,24.046,-12.8806,"5t35-grid",-12.8811,-4.81425,-0.670375,-0,-1.62568,-78.6622,-14.0275,0.266477,0,-152.427,-92.6897,13.2547
"5T35_4",4,Done,24.875,-12.3775,"5t35-grid",-12.378,-4.95945,-0.427045,-0,-1.70823,-79.1273,-10.456,0.245509,-0.00405541,-154.397,-89.5833,7.33268
"5T35_5",5,Done,27.704,-12.8806,"5t35-grid",-12.8811,-4.81425,-0.670375,-0,-1.62568,-78.6622,-14.0275,0.266477,0,-152.427,-92.6897,13.2547
"5T35_6",6,Done,26.687,-12.8806,"5t35-grid",-12.8811,-4.81425,-0.670375,-0,-1.62568,-78.6622,-14.0275,0.266477,0,-152.427,-92.6897,13.2547
"5T35_7",7,Done,27.094,-12.3775,"5t35-grid",-12.378,-4.95945,-0.427045,-0,-1.70823,-79.1273,-10.456,0.245509,-0.00405541,-154.397,-89.5833,7.33268
"5T35_8",8,Done,34.094,-12.9864,"5t35-grid",-12.9868,-6.56954,0,-0,-1.6516,-86.2878,-4.3973,0.232748,-0.0244561,-160.917,-90.6851,3.35531
"5T35_9",9,Done,30.531,-12.8441,"5t35-grid",-12.8446,-5.48949,-0.355901,-0,-1.82108,-78.0965,-10.1983,0.257431,-0.00100406,-160.935,-88.2948,5.59957
"5T35_10",10,Done,32.531,-12.9864,"5t35-grid",-12.9868,-6.56954,0,-0,-1.6516,-86.2878,-4.3973,0.232748,-0.0244561,-160.917,-90.6851,3.35531
"5T35_11",11,Done,30.016,-11.8111,"5t35-grid",-11.8111,-5.24948,-0.16,-0,-1.83147,-76.021,-6.70184,0.243909,-0.00776191,-137.572,-82.7228,4.14083
"5T35_12",12,Done,24.031,-10.5008,"5t35-grid",-10.5011,-4.51958,0,-0,-1.72759,-72.6338,-5.86437,0.257431,0,-127.461,-78.4982,5.08118
"5T35_13",13,Done,29.266,-12.8441,"5t35-grid",-12.8446,-5.48949,-0.355901,-0,-1.82108,-78.0965,-10.1983,0.257431,-0.00100406,-160.935,-88.2948,5.59957
"5T35_14",14,Done,26.906,-12.3775,"5t35-grid",-12.378,-4.95945,-0.427045,-0,-1.70823,-79.1273,-10.456,0.245509,-0.00405541,-154.397,-89.5833,7.33268
"5T35_15",15,Done,35.125,-14.903,"5t35-grid",-14.9033,-6.94557,-0.434958,-0,-1.83915,-88.063,-10.0006,0.234848,-0.0152789,-182.277,-98.0635,7.83308
"5T35_16",16,Done,10.438,-7.04437,"5t35-grid",-7.04437,-3.33919,-0.32,-0,-0.981297,-40.0567,-7.1542,0.765182,-0.0930958,-68.8171,-47.2109,4.38897
"5T35_17",17,Done,24.687,-12.3775,"5t35-grid",-12.378,-4.95945,-0.427045,-0,-1.70823,-79.1273,-10.456,0.245509,-0.00405541,-154.397,-89.5833,7.33268
"5T35_18",18,Done,28.625,-12.9864,"5t35-grid",-12.9868,-6.56954,0,-0,-1.6516,-86.2878,-4.3973,0.232748,-0.0244561,-160.917,-90.6851,3.35531
"5T35_19",19,Done,28.766,-10.8706,"5t35-grid",-10.871,-4.75044,0,-0,-1.88702,-74.6487,-4.91412,0.245509,-0.00944526,-128.39,-79.5628,6.37892
"5T35_20",20,Done,26.093,-10.8706,"5t35-grid",-10.871,-4.75044,0,-0,-1.88702,-74.6487,-4.91412,0.245509,-0.00944526,-128.39,-79.5628,6.37892
"5T35_21",21,Done,22.922,-10.5008,"5t35-grid",-10.5011,-4.51958,0,-0,-1.72759,-72.6338,-5.86437,0.257431,0,-127.461,-78.4982,5.08118
"5T35_22",22,Done,23.875,-12.8806,"5t35-grid",-12.8811,-4.81425,-0.670375,-0,-1.62568,-78.6622,-14.0275,0.266477,0,-152.427,-92.6897,13.2547
"5T35_23",23,Done,27.469,-10.8706,"5t35-grid",-10.871,-4.75044,0,-0,-1.88702,-74.6487,-4.91412,0.245509,-0.00944526,-128.39,-79.5628,6.37892
"5T35_24",24,Done,35.531,-15.3582,"5t35-grid",-15.3587,-6.64179,-0.602488,-0,-1.75882,-88.1326,-14.6017,0.284546,-0.0432221,-189.15,-102.734,8.01892
"5T35_25",25,Done,25.844,-12.3775,"5t35-grid",-12.378,-4.95945,-0.427045,-0,-1.70823,-79.1273,-10.456,0.245509,-0.00405541,-154.397,-89.5833,7.33268
"5T35_26",26,Done,28.531,-10.8706,"5t35-grid",-10.871,-4.75044,0,-0,-1.88702,-74.6487,-4.91412,0.245509,-0.00944526,-128.39,-79.5628,6.37892
"5T35_27",27,Done,25.547,-12.8441,"5t35-grid",-12.8446,-5.48949,-0.355901,-0,-1.82108,-78.0965,-10.1983,0.257431,-0.00100406,-160.935,-88.2948,5.59957
"5T35_28",28,Done,30.297,-12.9864,"5t35-grid",-12.9868,-6.56954,0,-0,-1.6516,-86.2878,-4.3973,0.232748,-0.0244561,-160.917,-90.6851,3.35531
"5T35_29",29,Done,35.343,-14.903,"5t35-grid",-14.9033,-6.94557,-0.434958,-0,-1.83915,-88.063,-10.0006,0.234848,-0.0152789,-182.277,-98.0635,7.83308
"5T35_30",30,Done,29.469,-10.8706,"5t35-grid",-10.871,-4.75044,0,-0,-1.88702,-74.6487,-4.91412,0.245509,-0.00944526,-128.39,-79.5628,6.37892
"5T35_31",31,Done,33.922,-12.9864,"5t35-grid",-12.9868,-6.56954,0,-0,-1.6516,-86.2878,-4.3973,0.232748,-0.0244561,-160.917,-90.6851,3.35531
"5T35_32",32,Done,27.719,-12.3775,"5t35-grid",-12.378,-4.95945,-0.427045,-0,-1.70823,-79.1273,-10.456,0.245509,-0.00405541,-154.397,-89.5833,7.33268
"5T35_33",33,Done,24.922,-10.5008,"5t35-grid",-10.5011,-4.51958,0,-0,-1.72759,-72.6338,-5.86437,0.257431,0,-127.461,-78.4982,5.08118
"5T35_34",34,Done,32.64,-12.9864,"5t35-grid",-12.9868,-6.56954,0,-0,-1.6516,-86.2878,-4.3973,0.232748,-0.0244561,-160.917,-90.6851,3.35531
"5T35_35",35,Done,33.735,-12.9864,"5t35-grid",-12.9868,-6.56954,0,-0,-1.6516,-86.2878,-4.3973,0.232748,-0.0244561,-160.917,-90.6851,3.35531
"5T35_36",36,Done,28.047,-12.8806,"5t35-grid",-12.8811,-4.81425,-0.670375,-0,-1.62568,-78.6622,-14.0275,0.266477,0,-152.427,-92.6897,13.2547
"5T35_37",37,Done,30.875,-10.8706,"5t35-grid",-10.871,-4.75044,0,-0,-1.88702,-74.6487,-4.91412,0.245509,-0.00944526,-128.39,-79.5628,6.37892
"5T35_38",38,Done,34.141,-14.903,"5t35-grid",-14.9033,-6.94557,-0.434958,-0,-1.83915,-88.063,-10.0006,0.234848,-0.0152789,-182.277,-98.0635,7.83308
"5T35_39",39,Done,36.734,-17.7489,"5t35-grid",-17.7493,-6.98883,-0.93627,-0,-2.38713,-95.7487,-19.3685,0.276888,-0.0212843,-226.98,-115.117,12.7408
"5T35_40",40,Done,33.953,-12.9864,"5t35-grid",-12.9868,-6.56954,0,-0,-1.6516,-86.2878,-4.3973,0.232748,-0.0244561,-160.917,-90.6851,3.35531
"5T35_41",41,Done,33.922,-12.9864,"5t35-grid",-12.9868,-6.56954,0,-0,-1.6516,-86.2878,-4.3973,0.232748,-0.0244561,-160.917,-90.6851,3.35531
"5T35_42",42,Done,32.359,-12.9864,"5t35-grid",-12.9868,-6.56954,0,-0,-1.6516,-86.2878,-4.3973,0.232748,-0.0244561,-160.917,-90.6851,3.35531
"5T35_43",43,Done,33.89,-12.9864,"5t35-grid",-12.9868,-6.56954,0,-0,-1.6516,-86.2878,-4.3973,0.232748,-0.0244561,-160.917,-90.6851,3.35531
"5T35_44",44,Done,34.532,-12.9864,"5t35-grid",-12.9868,-6.56954,0,-0,-1.6516,-86.2878,-4.3973,0.232748,-0.0244561,-160.917,-90.6851,3.35531
"5T35_45",45,Done,34.562,-12.9864,"5t35-grid",-12.9868,-6.56954,0,-0,-1.6516,-86.2878,-4.3973,0.232748,-0.0244561,-160.917,-90.6851,3.35531
"5T35_46",46,Done,33.61,-12.9864,"5t35-grid",-12.9868,-6.56954,0,-0,-1.6516,-86.2878,-4.3973,0.232748,-0.0244561,-160.917,-90.6851,3.35531
"5T35_47",47,Done,25.437,-12.8806,"5t35-grid",-12.8811,-4.81425,-0.670375,-0,-1.62568,-78.6622,-14.0275,0.266477,0,-152.427,-92.6897,13.2547
"5T35_48",48,Done,33.313,-12.9864,"5t35-grid",-12.9868,-6.56954,0,-0,-1.6516,-86.2878,-4.3973,0.232748,-0.0244561,-160.917,-90.6851,3.35531
"5T35_49",49,Done,35.156,-13.6666,"5t35-grid",-13.6671,-6.12373,-0.0620083,-0,-2.21144,-90.8736,-6.54395,0.255338,0,-170.234,-97.4175,8.62405
"5T35_50",50,Done,33.609,-12.9864,"5t35-grid",-12.9868,-6.56954,0,-0,-1.6516,-86.2878,-4.3973,0.232748,-0.0244561,-160.917,-90.6851,3.35531
"5T35_51",51,Done,33.688,-12.9864,"5t35-grid",-12.9868,-6.56954,0,-0,-1.6516,-86.2878,-4.3973,0.232748,-0.0244561,-160.917,-90.6851,3.35531
"5T35_52",52,Done,32.906,-12.9864,"5t35-grid",-12.9868,-6.56954,0,-0,-1.6516,-86.2878,-4.3973,0.232748,-0.0244561,-160.917,-90.6851,3.35531
"5T35_53",53,Done,26.781,-12.8806,"5t35-grid",-12.8811,-4.81425,-0.670375,-0,-1.62568,-78.6622,-14.0275,0.266477,0,-152.427,-92.6897,13.2547
"5T35_54",54,Done,26.219,-12.3775,"5t35-grid",-12.378,-4.95945,-0.427045,-0,-1.70823,-79.1273,-10.456,0.245509,-0.00405541,-154.397,-89.5833,7.33268
"5T35_55",55,Done,34.359,-12.9864,"5t35-grid",-12.9868,-6.56954,0,-0,-1.6516,-86.2878,-4.3973,0.232748,-0.0244561,-160.917,-90.6851,3.35531
"5T35_56",56,Done,38.578,-14.5578,"5t35-grid",-14.5583,-6.61205,-0.32,-0,-1.82013,-90.1701,-10.1267,0.255338,-0.0339083,-170.74,-100.297,15.3003
"5T35_57",57,Done,32.078,-12.9864,"5t35-grid",-12.9868,-6.56954,0,-0,-1.6516,-86.2878,-4.3973,0.232748,-0.0244561,-160.917,-90.6851,3.35531
"5T35_58",58,Done,36.406,-14.903,"5t35-grid",-14.9033,-6.94557,-0.434958,-0,-1.83915,-88.063,-10.0006,0.234848,-0.0152789,-182.277,-98.0635,7.83308
"5T35_59",59,Done,26.219,-12.3775,"5t35-grid",-12.378,-4.95945,-0.427045,-0,-1.70823,-79.1273,-10.456,0.245509,-0.00405541,-154.397,-89.5833,7.33268
"5T35_60",60,Done,25.562,-12.8806,"5t35-grid",-12.8811,-4.81425,-0.670375,-0,-1.62568,-78.6622,-14.0275,0.266477,0,-152.427,-92.6897,13.2547
"5T35_61",61,Done,12.735,-7.04437,"5t35-grid",-7.04437,-3.33919,-0.32,-0,-0.981297,-40.0567,-7.1542,0.765182,-0.0930958,-68.8171,-47.2109,4.38897
"5T35_62",62,Done,31.484,-10.8706,"5t35-grid",-10.871,-4.75044,0,-0,-1.88702,-74.6487,-4.91412,0.245509,-0.00944526,-128.39,-79.5628,6.37892
"5T35_63",63,Done,26.406,-12.8806,"5t35-grid",-12.8811,-4.81425,-0.670375,-0,-1.62568,-78.6622,-14.0275,0.266477,0,-152.427,-92.6897,13.2547
"5T35_64",64,Done,26.782,-10.5008,"5t35-grid",-10.5011,-4.51958,0,-0,-1.72759,-72.6338,-5.86437,0.257431,0,-127.461,-78.4982,5.08118
"5T35_65",65,Done,24.687,-10.5008,"5t35-grid",-10.5011,-4.51958,0,-0,-1.72759,-72.6338,-5.86437,0.257431,0,-127.461,-78.4982,5.08118
"5T35_66",66,Done,32.672,-12.9864,"5t35-grid",-12.9868,-6.56954,0,-0,-1.6516,-86.2878,-4.3973,0.232748,-0.0244561,-160.917,-90.6851,3.35531
"5T35_67",67,Done,36.172,-11.9645,"5t35-grid",-11.965,-4.64664,-0.255861,-0,-1.78501,-70.7418,-12.3623,0.240877,-0.126872,-141.042,-83.1042,7.03183
"5T35_68",68,Done,28.922,-12.8441,"5t35-grid",-12.8446,-5.48949,-0.355901,-0,-1.82108,-78.0965,-10.1983,0.257431,-0.00100406,-160.935,-88.2948,5.59957
"5T35_69",69,Done,33.703,-12.9864,"5t35-grid",-12.9868,-6.56954,0,-0,-1.6516,-86.2878,-4.3973,0.232748,-0.0244561,-160.917,-90.6851,3.35531
"5T35_70",70,Done,24.875,-12.8806,"5t35-grid",-12.8811,-4.81425,-0.670375,-0,-1.62568,-78.6622,-14.0275,0.266477,0,-152.427,-92.6897,13.2547
"5T35_71",71,Done,27.922,-10.8706,"5t35-grid",-10.871,-4.75044,0,-0,-1.88702,-74.6487,-4.91412,0.245509,-0.00944526,-128.39,-79.5628,6.37892
"5T35_72",72,Done,24.14,-12.3775,"5t35-grid",-12.378,-4.95945,-0.427045,-0,-1.70823,-79.1273,-10.456,0.245509,-0.00405541,-154.397,-89.5833,7.33268
"5T35_73",73,Done,26.813,-12.9864,"5t35-grid",-12.9868,-6.56954,0,-0,-1.6516,-86.2878,-4.3973,0.232748,-0.0244561,-160.917,-90.6851,3.35531
"5T35_74",74,Done,29.14,-14.5578,"5t35-grid",-14.5583,-6.61205,-0.32,-0,-1.82013,-90.1701,-10.1267,0.255338,-0.0339083,-170.74,-100.297,15.3003
"5T35_75",75,Done,26.625,-12.8441,"5t35-grid",-12.8446,-5.48949,-0.355901,-0,-1.82108,-78.0965,-10.1983,0.257431,-0.00100406,-160.935,-88.2948,5.59957
"5T35_76",76,Done,20.407,-12.8806,"5t35-grid",-12.8811,-4.81425,-0.670375,-0,-1.62568,-78.6622,-14.0275,0.266477,0,-152.427,-92.6897,13.2547
"5T35_77",77,Done,29.468,-6.7402,"5t35-grid",-6.7405,-1.53942,-0.768,-0,-0.274106,-49.3685,-12.9656,0.276888,-0.0225975,-82.6308,-62.3341,6.38872
"5T35_78",78,Done,22.391,-12.5699,"5t35-grid",-12.5703,-4.88434,-0.314907,-0,-1.79424,-72.1095,-14.762,0.266477,-0.0234735,-150.295,-86.8715,7.02598
"5T35_79",79,Done,31.765,-12.9864,"5t35-grid",-12.9868,-6.56954,0,-0,-1.6516,-86.2878,-4.3973,0.232748,-0.0244561,-160.917,-90.6851,3.35531
"5T35_80",80,Done,23.094,-12.3775,"5t35-grid",-12.378,-4.95945,-0.427045,-0,-1.70823,-79.1273,-10.456,0.245509,-0.00405541,-154.397,-89.5833,7.33268
"5T35_81",81,Done,25.171,-10.8706,"5t35-grid",-10.871,-4.75044,0,-0,-1.88702,-74.6487,-4.91412,0.245509,-0.00944526,-128.39,-79.5628,6.37892
"5T35_82",82,Done,32.313,-14.903,"5t35-grid",-14.9033,-6.94557,-0.434958,-0,-1.83915,-88.063,-10.0006,0.234848,-0.0152789,-182.277,-98.0635,7.83308
"5T35_83",83,Done,24.703,-12.3775,"5t35-grid",-12.378,-4.95945,-0.427045,-0,-1.70823,-79.1273,-10.456,0.245509,-0.00405541,-154.397,-89.5833,7.33268
"5T35_84",84,Done,27.047,-12.8806,"5t35-grid",-12.8811,-4.81425,-0.670375,-0,-1.62568,-78.6622,-14.0275,0.266477,0,-152.427,-92.6897,13.2547
"5T35_85",85,Done,29.922,-12.9864,"5t35-grid",-12.9868,-6.56954,0,-0,-1.6516,-86.2878,-4.3973,0.232748,-0.0244561,-160.917,-90.6851,3.35531
"5T35_86",86,Done,33.328,-13.6666,"5t35-grid",-13.6671,-6.12373,-0.0620083,-0,-2.21144,-90.8736,-6.54395,0.255338,0,-170.234,-97.4175,8.62405
"5T35_87",87,Done,24.562,-12.8806,"5t35-grid",-12.8811,-4.81425,-0.670375,-0,-1.62568,-78.6622,-14.0275,0.266477,0,-152.427,-92.6897,13.2547
"5T35_88",88,Done,37.219,-17.3925,"5t35-grid",-17.393,-6.97738,-0.730403,-0,-2.26979,-94.7595,-19.6371,0.276888,-0.00873934,-227.101,-114.397,7.406
"5T35_89",89,Done,33.39,-12.9864,"5t35-grid",-12.9868,-6.56954,0,-0,-1.6516,-86.2878,-4.3973,0.232748,-0.0244561,-160.917,-90.6851,3.35531
"5T35_90",90,Done,36.032,-13.6666,"5t35-grid",-13.6671,-6.12373,-0.0620083,-0,-2.21144,-90.8736,-6.54395,0.255338,0,-170.234,-97.4175,8.62405
"5T35_91",91,Done,34.25,-12.9864,"5t35-grid",-12.9868,-6.56954,0,-0,-1.6516,-86.2878,-4.3973,0.232748,-0.0244561,-160.917,-90.6851,3.35531
"5T35_92",92,Done,34.437,-12.9864,"5t35-grid",-12.9868,-6.56954,0,-0,-1.6516,-86.2878,-4.3973,0.232748,-0.0244561,-160.917,-90.6851,3.35531
"5T35_93",93,Done,26.125,-12.3775,"5t35-grid",-12.378,-4.95945,-0.427045,-0,-1.70823,-79.1273,-10.456,0.245509,-0.00405541,-154.397,-89.5833,7.33268
"5T35_94",94,Done,26.938,-12.8806,"5t35-grid",-12.8811,-4.81425,-0.670375,-0,-1.62568,-78.6622,-14.0275,0.266477,0,-152.427,-92.6897,13.2547
"5T35_95",95,Done,37.297,-17.7489,"5t35-grid",-17.7493,-6.98883,-0.93627,-0,-2.38713,-95.7487,-19.3685,0.276888,-0.0212843,-226.98,-115.117,12.7408
"5T35_96",96,Done,34.343,-12.9864,"5t35-grid",-12.9868,-6.56954,0,-0,-1.6516,-86.2878,-4.3973,0.232748,-0.0244561,-160.917,-90.6851,3.35531
"5T35_97",97,Done,28.844,-12.8806,"5t35-grid",-12.8811,-4.81425,-0.670375,-0,-1.62568,-78.6622,-14.0275,0.266477,0,-152.427,-92.6897,13.2547
"5T35_98",98,Done,37.016,-14.903,"5t35-grid",-14.9033,-6.94557,-0.434958,-0,-1.83915,-88.063,-10.0006,0.234848,-0.0152789,-182.277,-98.0635,7.83308
"5T35_99",99,Done,38.953,-14.5578,"5t35-grid",-14.5583,-6.61205,-0.32,-0,-1.82013,-90.1701,-10.1267,0.255338,-0.0339083,-170.74,-100.297,15.3003
"5T35_100",100,Done,34.187,-12.9864,"5t35-grid",-12.9868,-6.56954,0,-0,-1.6516,-86.2878,-4.3973,0.232748,-0.0244561,-160.917,-90.6851,3.35531
"5T35_101",101,Done,31.985,-10.8706,"5t35-grid",-10.871,-4.75044,0,-0,-1.88702,-74.6487,-4.91412,0.245509,-0.00944526,-128.39,-79.5628,6.37892
"5T35_102",102,Done,27.515,-12.3775,"5t35-grid",-12.378,-4.95945,-0.427045,-0,-1.70823,-79.1273,-10.456,0.245509,-0.00405541,-154.397,-89.5833,7.33268
"5T35_103",103,Done,28.875,-12.8806,"5t35-grid",-12.8811,-4.81425,-0.670375,-0,-1.62568,-78.6622,-14.0275,0.266477,0,-152.427,-92.6897,13.2547
"5T35_104",104,Done,32.11,-12.9864,"5t35-grid",-12.9868,-6.56954,0,-0,-1.6516,-86.2878,-4.3973,0.232748,-0.0244561,-160.917,-90.6851,3.35531
"5T35_105",105,Done,27.016,-12.3775,"5t35-grid",-12.378,-4.95945,-0.427045,-0,-1.70823,-79.1273,-10.456,0.245509,-0.00405541,-154.397,-89.5833,7.33268
"5T35_106",106,Done,31.391,-12.8441,"5t35-grid",-12.8446,-5.48949,-0.355901,-0,-1.82108,-78.0965,-10.1983,0.257431,-0.00100406,-160.935,-88.2948,5.59957
"5T35_107",107,Done,26.343,-12.3775,"5t35-grid",-12.378,-4.95945,-0.427045,-0,-1.70823,-79.1273,-10.456,0.245509,-0.00405541,-154.397,-89.5833,7.33268
"5T35_108",108,Done,27.407,-12.8806,"5t35-grid",-12.8811,-4.81425,-0.670375,-0,-1.62568,-78.6622,-14.0275,0.266477,0,-152.427,-92.6897,13.2547
"5T35_109",109,Done,26.625,-12.3775,"5t35-grid",-12.378,-4.95945,-0.427045,-0,-1.70823,-79.1273,-10.456,0.245509,-0.00405541,-154.397,-89.5833,7.33268
"5T35_110",110,Done,34.484,-12.9864,"5t35-grid",-12.9868,-6.56954,0,-0,-1.6516,-86.2878,-4.3973,0.232748,-0.0244561,-160.917,-90.6851,3.35531
"5T35_111",111,Done,31.687,-10.8706,"5t35-grid",-10.871,-4.75044,0,-0,-1.88702,-74.6487,-4.91412,0.245509,-0.00944526,-128.39,-79.5628,6.37892
"5T35_112",112,Done,31.641,-12.9864,"5t35-grid",-12.9868,-6.56954,0,-0,-1.6516,-86.2878,-4.3973,0.232748,-0.0244561,-160.917,-90.6851,3.35531
"5T35_113",113,Done,27.594,-12.3775,"5t35-grid",-12.378,-4.95945,-0.427045,-0,-1.70823,-79.1273,-10.456,0.245509,-0.00405541,-154.397,-89.5833,7.33268
"5T35_114",114,Done,30.344,-10.8706,"5t35-grid",-10.871,-4.75044,0,-0,-1.88702,-74.6487,-4.91412,0.245509,-0.00944526,-128.39,-79.5628,6.37892
"5T35_115",115,Done,13.609,-7.04437,"5t35-grid",-7.04437,-3.33919,-0.32,-0,-0.981297,-40.0567,-7.1542,0.765182,-0.0930958,-68.8171,-47.2109,4.38897
"5T35_116",116,Done,32.016,-12.9864,"5t35-grid",-12.9868,-6.56954,0,-0,-1.6516,-86.2878,-4.3973,0.232748,-0.0244561,-160.917,-90.6851,3.35531
"5T35_117",117,Done,34.781,-14.903,"5t35-grid",-14.9033,-6.94557,-0.434958,-0,-1.83915,-88.063,-10.0006,0.234848,-0.0152789,-182.277,-98.0635,7.83308
"5T35_118",118,Done,30.14,-10.8706,"5t35-grid",-10.871,-4.75044,0,-0,-1.88702,-74.6487,-4.91412,0.245509,-0.00944526,-128.39,-79.5628,6.37892
"5T35_119",119,Done,27.5,-12.8806,"5t35-grid",-12.8811,-4.81425,-0.670375,-0,-1.62568,-78.6622,-14.0275,0.266477,0,-152.427,-92.6897,13.2547
"5T35_120",120,Done,24.125,-10.5008,"5t35-grid",-10.5011,-4.51958,0,-0,-1.72759,-72.6338,-5.86437,0.257431,0,-127.461,-78.4982,5.08118
"5T35_121",121,Done,27.422,-12.3775,"5t35-grid",-12.378,-4.95945,-0.427045,-0,-1.70823,-79.1273,-10.456,0.245509,-0.00405541,-154.397,-89.5833,7.33268
"5T35_122",122,Done,27.344,-12.3775,"5t35-grid",-12.378,-4.95945,-0.427045,-0,-1.70823,-79.1273,-10.456,0.245509,-0.00405541,-154.397,-89.5833,7.33268
"5T35_123",123,Done,31.093,-10.8706,"5t35-grid",-10.871,-4.75044,0,-0,-1.88702,-74.6487,-4.91412,0.245509,-0.00944526,-128.39,-79.5628,6.37892
"5T35_124",124,Done,35.454,-14.903,"5t35-grid",-14.9033,-6.94557,-0.434958,-0,-1.83915,-88.063,-10.0006,0.234848,-0.0152789,-182.277,-98.0635,7.83308
"5T35_125",125,Done,37.016,-17.3925,"5t35-grid",-17.393,-6.97738,-0.730403,-0,-2.26979,-94.7595,-19.6371,0.276888,-0.00873934,-227.101,-114.397,7.406
"5T35_126",126,Done,29.89,-10.8706,"5t35-grid",-10.871,-4.75044,0,-0,-1.88702,-74.6487,-4.91412,0.245509,-0.00944526,-128.39,-79.5628,6.37892
"5T35_127",127,Done,32.75,-18.7695,"5t35-grid",-18.7699,-7.0037,-1.40029,-0,-2.35342,-96.5534,-22.7218,0.253044,-0.0296136,-242.228,-119.275,8.60177
"5T35_128",128,Done,30.719,-10.8706,"5t35-grid",-10.871,-4.75044,0,-0,-1.88702,-74.6487,-4.91412,0.245509,-0.00944526,-128.39,-79.5628,6.37892
"5T35_129",129,Done,30.813,-12.8441,"5t35-grid",-12.8446,-5.48949,-0.355901,-0,-1.82108,-78.0965,-10.1983,0.257431,-0.00100406,-160.935,-88.2948,5.59957
"5T35_130",130,Done,24.828,-10.5008,"5t35-grid",-10.5011,-4.51958,0,-0,-1.72759,-72.6338,-5.86437,0.257431,0,-127.461,-78.4982,5.08118
"5T35_131",131,Done,34.812,-12.9864,"5t35-grid",-12.9868,-6.56954,0,-0,-1.6516,-86.2878,-4.3973,0.232748,-0.0244561,-160.917,-90.6851,3.35531
"5T35_132",132,Done,34.922,-12.9864,"5t35-grid",-12.9868,-6.56954,0,-0,-1.6516,-86.2878,-4.3973,0.232748,-0.0244561,-160.917,-90.6851,3.35531
"5T35_133",133,Done,26.547,-12.3775,"5t35-grid",-12.378,-4.95945,-0.427045,-0,-1.70823,-79.1273,-10.456,0.245509,-0.00405541,-154.397,-89.5833,7.33268
"5T35_134",134,Done,31.156,-10.8706,"5t35-grid",-10.871,-4.75044,0,-0,-1.88702,-74.6487,-4.91412,0.245509,-0.00944526,-128.39,-79.5628,6.37892
"5T35_135",135,Done,32.86,-12.9864,"5t35-grid",-12.9868,-6.56954,0,-0,-1.6516,-86.2878,-4.3973,0.232748,-0.0244561,-160.917,-90.6851,3.35531
"5T35_136",136,Done,32.157,-12.8441,"5t35-grid",-12.8446,-5.48949,-0.355901,-0,-1.82108,-78.0965,-10.1983,0.257431,-0.00100406,-160.935,-88.2948,5.59957
"5T35_137",137,Done,31.203,-10.8706,"5t35-grid",-10.871,-4.75044,0,-0,-1.88702,-74.6487,-4.91412,0.245509,-0.00944526,-128.39,-79.5628,6.37892
"5T35_138",138,Done,37.672,-15.9099,"5t35-grid",-15.9104,-6.81942,-0.561902,-0,-2.00595,-89.8909,-15.268,0.284546,-0.0229729,-188.011,-105.159,9.38089
"5T35_139",139,Done,31.125,-10.8706,"5t35-grid",-10.871,-4.75044,0,-0,-1.88702,-74.6487,-4.91412,0.245509,-0.00944526,-128.39,-79.5628,6.37892
"5T35_140",140,Done,26.39,-12.8806,"5t35-grid",-12.8811,-4.81425,-0.670375,-0,-1.62568,-78.6622,-14.0275,0.266477,0,-152.427,-92.6897,13.2547
"5T35_141",141,Done,34.875,-12.9864,"5t35-grid",-12.9868,-6.56954,0,-0,-1.6516,-86.2878,-4.3973,0.232748,-0.0244561,-160.917,-90.6851,3.35531
"5T35_142",142,Done,33.985,-14.903,"5t35-grid",-14.9033,-6.94557,-0.434958,-0,-1.83915,-88.063,-10.0006,0.234848,-0.0152789,-182.277,-98.0635,7.83308
"5T35_143",143,Done,34.218,-12.9864,"5t35-grid",-12.9868,-6.56954,0,-0,-1.6516,-86.2878,-4.3973,0.232748,-0.0244561,-160.917,-90.6851,3.35531
"5T35_144",144,Done,31.766,-10.8706,"5t35-grid",-10.871,-4.75044,0,-0,-1.88702,-74.6487,-4.91412,0.245509,-0.00944526,-128.39,-79.5628,6.37892
"5T35_145",145,Done,29.687,-12.8441,"5t35-grid",-12.8446,-5.48949,-0.355901,-0,-1.82108,-78.0965,-10.1983,0.257431,-0.00100406,-160.935,-88.2948,5.59957
"5T35_146",146,Done,32.36,-12.8441,"5t35-grid",-12.8446,-5.48949,-0.355901,-0,-1.82108,-78.0965,-10.1983,0.257431,-0.00100406,-160.935,-88.2948,5.59957
"5T35_147",147,Done,26.25,-12.3775,"5t35-grid",-12.378,-4.95945,-0.427045,-0,-1.70823,-79.1273,-10.456,0.245509,-0.00405541,-154.397,-89.5833,7.33268
"5T35_148",148,Done,37.187,-14.903,"5t35-grid",-14.9033,-6.94557,-0.434958,-0,-1.83915,-88.063,-10.0006,0.234848,-0.0152789,-182.277,-98.0635,7.83308
"5T35_149",149,Done,26.641,-10.5008,"5t35-grid",-10.5011,-4.51958,0,-0,-1.72759,-72.6338,-5.86437,0.257431,0,-127.461,-78.4982,5.08118
"5T35_150",150,Done,30.469,-12.8441,"5t35-grid",-12.8446,-5.48949,-0.355901,-0,-1.82108,-78.0965,-10.1983,0.257431,-0.00100406,-160.935,-88.2948,5.59957
"5T35_151",151,Done,27.797,-12.8806,"5t35-grid",-12.8811,-4.81425,-0.670375,-0,-1.62568,-78.6622,-14.0275,0.266477,0,-152.427,-92.6897,13.2547
"5T35_152",152,Done,11.812,-7.04437,"5t35-grid",-7.04437,-3.33919,-0.32,-0,-0.981297,-40.0567,-7.1542,0.765182,-0.0930958,-68.8171,-47.2109,4.38897
"5T35_153",153,Done,28.703,-12.8806,"5t35-grid",-12.8811,-4.81425,-0.670375,-0,-1.62568,-78.6622,-14.0275,0.266477,0,-152.427,-92.6897,13.2547
"5T35_154",154,Done,33.094,-12.9864,"5t35-grid",-12.9868,-6.56954,0,-0,-1.6516,-86.2878,-4.3973,0.232748,-0.0244561,-160.917,-90.6851,3.35531
"5T35_155",155,Done,26.593,-12.8806,"5t35-grid",-12.8811,-4.81425,-0.670375,-0,-1.62568,-78.6622,-14.0275,0.266477,0,-152.427,-92.6897,13.2547
"5T35_156",156,Done,32.953,-12.9864,"5t35-grid",-12.9868,-6.56954,0,-0,-1.6516,-86.2878,-4.3973,0.232748,-0.0244561,-160.917,-90.6851,3.35531
"5T35_157",157,Done,27.375,-12.3775,"5t35-grid",-12.378,-4.95945,-0.427045,-0,-1.70823,-79.1273,-10.456,0.245509,-0.00405541,-154.397,-89.5833,7.33268
"5T35_158",158,Done,30.828,-17.3129,"5t35-grid",-17.3133,-6.99488,-0.703846,-0,-2.2773,-93.6971,-19.1911,0.247615,-0.0214069,-221.968,-112.888,8.05553
"5T35_159",159,Done,29.953,-10.8706,"5t35-grid",-10.871,-4.75044,0,-0,-1.88702,-74.6487,-4.91412,0.245509,-0.00944526,-128.39,-79.5628,6.37892
"5T35_160",160,Done,25.422,-10.5008,"5t35-grid",-10.5011,-4.51958,0,-0,-1.72759,-72.6338,-5.86437,0.257431,0,-127.461,-78.4982,5.08118
"5T35_161",161,Done,31.609,-10.8706,"5t35-grid",-10.871,-4.75044,0,-0,-1.88702,-74.6487,-4.91412,0.245509,-0.00944526,-128.39,-79.5628,6.37892
"5T35_162",162,Done,34.094,-12.9864,"5t35-grid",-12.9868,-6.56954,0,-0,-1.6516,-86.2878,-4.3973,0.232748,-0.0244561,-160.917,-90.6851,3.35531
"5T35_163",163,Done,30.484,-10.8706,"5t35-grid",-10.871,-4.75044,0,-0,-1.88702,-74.6487,-4.91412,0.245509,-0.00944526,-128.39,-79.5628,6.37892
"5T35_164",164,Done,27.922,-12.8806,"5t35-grid",-12.8811,-4.81425,-0.670375,-0,-1.62568,-78.6622,-14.0275,0.266477,0,-152.427,-92.6897,13.2547
"5T35_165",165,Done,25.703,-12.5699,"5t35-grid",-12.5703,-4.88434,-0.314907,-0,-1.79424,-72.1095,-14.762,0.266477,-0.0234735,-150.295,-86.8715,7.02598
"5T35_166",166,Done,12.609,-7.04437,"5t35-grid",-7.04437,-3.33919,-0.32,-0,-0.981297,-40.0567,-7.1542,0.765182,-0.0930958,-68.8171,-47.2109,4.38897
"5T35_167",167,Done,26.86,-12.8806,"5t35-grid",-12.8811,-4.81425,-0.670375,-0,-1.62568,-78.6622,-14.0275,0.266477,0,-152.427,-92.6897,13.2547
"5T35_168",168,Done,33.093,-12.9864,"5t35-grid",-12.9868,-6.56954,0,-0,-1.6516,-86.2878,-4.3973,0.232748,-0.0244561,-160.917,-90.6851,3.35531
"5T35_169",169,Done,28.297,-12.3775,"5t35-grid",-12.378,-4.95945,-0.427045,-0,-1.70823,-79.1273,-10.456,0.245509,-0.00405541,-154.397,-89.5833,7.33268
"5T35_170",170,Done,24.969,-10.5008,"5t35-grid",-10.5011,-4.51958,0,-0,-1.72759,-72.6338,-5.86437,0.257431,0,-127.461,-78.4982,5.08118
"5T35_171",171,Done,24.938,-10.5008,"5t35-grid",-10.5011,-4.51958,0,-0,-1.72759,-72.6338,-5.86437,0.257431,0,-127.461,-78.4982,5.08118
"5T35_172",172,Done,33.172,-12.9864,"5t35-grid",-12.9868,-6.56954,0,-0,-1.6516,-86.2878,-4.3973,0.232748,-0.0244561,-160.917,-90.6851,3.35531
"5T35_173",173,Done,34.891,-12.9864,"5t35-grid",-12.9868,-6.56954,0,-0,-1.6516,-86.2878,-4.3973,0.232748,-0.0244561,-160.917,-90.6851,3.35531
"5T35_174",174,Done,32.078,-10.8706,"5t35-grid",-10.871,-4.75044,0,-0,-1.88702,-74.6487,-4.91412,0.245509,-0.00944526,-128.39,-79.5628,6.37892
"5T35_175",175,Done,25.625,-10.5008,"5t35-grid",-10.5011,-4.51958,0,-0,-1.72759,-72.6338,-5.86437,0.257431,0,-127.461,-78.4982,5.08118
"5T35_176",176,Done,30.578,-10.8706,"5t35-grid",-10.871,-4.75044,0,-0,-1.88702,-74.6487,-4.91412,0.245509,-0.00944526,-128.39,-79.5628,6.37892
"5T35_177",177,Done,34.953,-12.9864,"5t35-grid",-12.9868,-6.56954,0,-0,-1.6516,-86.2878,-4.3973,0.232748,-0.0244561,-160.917,-90.6851,3.35531
"5T35_178",178,Done,28.016,-12.3775,"5t35-grid",-12.378,-4.95945,-0.427045,-0,-1.70823,-79.1273,-10.456,0.245509,-0.00405541,-154.397,-89.5833,7.33268
"5T35_179",179,Done,35.234,-14.903,"5t35-grid",-14.9033,-6.94557,-0.434958,-0,-1.83915,-88.063,-10.0006,0.234848,-0.0152789,-182.277,-98.0635,7.83308
"5T35_180",180,Done,31.313,-12.8441,"5t35-grid",-12.8446,-5.48949,-0.355901,-0,-1.82108,-78.0965,-10.1983,0.257431,-0.00100406,-160.935,-88.2948,5.59957
"5T35_181",181,Done,25.422,-10.5008,"5t35-grid",-10.5011,-4.51958,0,-0,-1.72759,-72.6338,-5.86437,0.257431,0,-127.461,-78.4982,5.08118
"5T35_182",182,Done,26.703,-12.3775,"5t35-grid",-12.378,-4.95945,-0.427045,-0,-1.70823,-79.1273,-10.456,0.245509,-0.00405541,-154.397,-89.5833,7.33268
"5T35_183",183,Done,27.485,-12.8806,"5t35-grid",-12.8811,-4.81425,-0.670375,-0,-1.62568,-78.6622,-14.0275,0.266477,0,-152.427,-92.6897,13.2547
"5T35_184",184,Done,32.453,-12.9864,"5t35-grid",-12.9868,-6.56954,0,-0,-1.6516,-86.2878,-4.3973,0.232748,-0.0244561,-160.917,-90.6851,3.35531
"5T35_185",185,Done,34.672,-14.903,"5t35-grid",-14.9033,-6.94557,-0.434958,-0,-1.83915,-88.063,-10.0006,0.234848,-0.0152789,-182.277,-98.0635,7.83308
"5T35_186",186,Done,33.437,-12.9864,"5t35-grid",-12.9868,-6.56954,0,-0,-1.6516,-86.2878,-4.3973,0.232748,-0.0244561,-160.917,-90.6851,3.35531
"5T35_187",187,Done,33.828,-12.9864,"5t35-grid",-12.9868,-6.56954,0,-0,-1.6516,-86.2878,-4.3973,0.232748,-0.0244561,-160.917,-90.6851,3.35531
"5T35_188",188,Done,28.781,-12.8806,"5t35-grid",-12.8811,-4.81425,-0.670375,-0,-1.62568,-78.6622,-14.0275,0.266477,0,-152.427,-92.6897,13.2547
"5T35_189",189,Done,26.641,-12.3775,"5t35-grid",-12.378,-4.95945,-0.427045,-0,-1.70823,-79.1273,-10.456,0.245509,-0.00405541,-154.397,-89.5833,7.33268
"5T35_190",190,Done,30.828,-12.8441,"5t35-grid",-12.8446,-5.48949,-0.355901,-0,-1.82108,-78.0965,-10.1983,0.257431,-0.00100406,-160.935,-88.2948,5.59957
"5T35_191",191,Done,32.313,-12.8441,"5t35-grid",-12.8446,-5.48949,-0.355901,-0,-1.82108,-78.0965,-10.1983,0.257431,-0.00100406,-160.935,-88.2948,5.59957
"5T35_192",192,Done,32.578,-12.9864,"5t35-grid",-12.9868,-6.56954,0,-0,-1.6516,-86.2878,-4.3973,0.232748,-0.0244561,-160.917,-90.6851,3.35531
"5T35_193",193,Done,26.187,-10.5008,"5t35-grid",-10.5011,-4.51958,0,-0,-1.72759,-72.6338,-5.86437,0.257431,0,-127.461,-78.4982,5.08118
"5T35_194",194,Done,33.094,-12.9864,"5t35-grid",-12.9868,-6.56954,0,-0,-1.6516,-86.2878,-4.3973,0.232748,-0.0244561,-160.917,-90.6851,3.35531
"5T35_195",195,Done,27.953,-12.8806,"5t35-grid",-12.8811,-4.81425,-0.670375,-0,-1.62568,-78.6622,-14.0275,0.266477,0,-152.427,-92.6897,13.2547
"5T35_196",196,Done,37.203,-14.5578,"5t35-grid",-14.5583,-6.61205,-0.32,-0,-1.82013,-90.1701,-10.1267,0.255338,-0.0339083,-170.74,-100.297,15.3003
"5T35_197",197,Done,25.094,-10.5008,"5t35-grid",-10.5011,-4.51958,0,-0,-1.72759,-72.6338,-5.86437,0.257431,0,-127.461,-78.4982,5.08118
"5T35_198",198,Done,28.359,-12.8806,"5t35-grid",-12.8811,-4.81425,-0.670375,-0,-1.62568,-78.6622,-14.0275,0.266477,0,-152.427,-92.6897,13.2547
"5T35_199",199,Done,25.078,-10.5008,"5t35-grid",-10.5011,-4.51958,0,-0,-1.72759,-72.6338,-5.86437,0.257431,0,-127.461,-78.4982,5.08118
"5T35_200",200,Done,38.281,-14.5578,"5t35-grid",-14.5583,-6.61205,-0.32,-0,-1.82013,-90.1701,-10.1267,0.255338,-0.0339083,-170.74,-100.297,15.3003
"5T35_201",201,Done,25.844,-10.5008,"5t35-grid",-10.5011,-4.51958,0,-0,-1.72759,-72.6338,-5.86437,0.257431,0,-127.461,-78.4982,5.08118
"5T35_202",202,Done,30.844,-12.8441,"5t35-grid",-12.8446,-5.48949,-0.355901,-0,-1.82108,-78.0965,-10.1983,0.257431,-0.00100406,-160.935,-88.2948,5.59957
"5T35_203",203,Done,35.375,-12.9864,"5t35-grid",-12.9868,-6.56954,0,-0,-1.6516,-86.2878,-4.3973,0.232748,-0.0244561,-160.917,-90.6851,3.35531
"5T35_204",204,Done,32.718,-12.8441,"5t35-grid",-12.8446,-5.48949,-0.355901,-0,-1.82108,-78.0965,-10.1983,0.257431,-0.00100406,-160.935,-88.2948,5.59957
"5T35_205",205,Done,34.203,-12.9864,"5t35-grid",-12.9868,-6.56954,0,-0,-1.6516,-86.2878,-4.3973,0.232748,-0.0244561,-160.917,-90.6851,3.35531
"5T35_206",206,Done,33.859,-12.9864,"5t35-grid",-12.9868,-6.56954,0,-0,-1.6516,-86.2878,-4.3973,0.232748,-0.0244561,-160.917,-90.6851,3.35531
"5T35_207",207,Done,12.657,-7.04437,"5t35-grid",-7.04437,-3.33919,-0.32,-0,-0.981297,-40.0567,-7.1542,0.765182,-0.0930958,-68.8171,-47.2109,4.38897
"5T35_208",208,Done,33.375,-12.9864,"5t35-grid",-12.9868,-6.56954,0,-0,-1.6516,-86.2878,-4.3973,0.232748,-0.0244561,-160.917,-90.6851,3.35531
"5T35_209",209,Done,27.11,-12.3775,"5t35-grid",-12.378,-4.95945,-0.427045,-0,-1.70823,-79.1273,-10.456,0.245509,-0.00405541,-154.397,-89.5833,7.33268
"5T35_210",210,Done,32.578,-12.9864,"5t35-grid",-12.9868,-6.56954,0,-0,-1.6516,-86.2878,-4.3973,0.232748,-0.0244561,-160.917,-90.6851,3.35531
"5T35_211",211,Done,32.094,-10.8706,"5t35-grid",-10.871,-4.75044,0,-0,-1.88702,-74.6487,-4.91412,0.245509,-0.00944526,-128.39,-79.5628,6.37892
"5T35_212",212,Done,34.531,-12.9864,"5t35-grid",-12.9868,-6.56954,0,-0,-1.6516,-86.2878,-4.3973,0.232748,-0.0244561,-160.917,-90.6851,3.35531
"5T35_213",213,Done,35.438,-13.6666,"5t35-grid",-13.6671,-6.12373,-0.0620083,-0,-2.21144,-90.8736,-6.54395,0.255338,0,-170.234,-97.4175,8.62405
"5T35_214",214,Done,26.187,-12.3775,"5t35-grid",-12.378,-4.95945,-0.427045,-0,-1.70823,-79.1273,-10.456,0.245509,-0.00405541,-154.397,-89.5833,7.33268
"5T35_215",215,Done,35.454,-12.9864,"5t35-grid",-12.9868,-6.56954,0,-0,-1.6516,-86.2878,-4.3973,0.232748,-0.0244561,-160.917,-90.6851,3.35531
"5T35_216",216,Done,25.859,-10.5008,"5t35-grid",-10.5011,-4.51958,0,-0,-1.72759,-72.6338,-5.86437,0.257431,0,-127.461,-78.4982,5.08118
"5T35_217",217,Done,31.672,-10.8706,"5t35-grid",-10.871,-4.75044,0,-0,-1.88702,-74.6487,-4.91412,0.245509,-0.00944526,-128.39,-79.5628,6.37892
"5T35_218",218,Done,35.157,-12.9864,"5t35-grid",-12.9868,-6.56954,0,-0,-1.6516,-86.2878,-4.3973,0.232748,-0.0244561,-160.917,-90.6851,3.35531
"5T35_219",219,Done,25.172,-13.0864,"5t35-grid",-13.0869,-5.29749,-0.601174,-0,-1.81008,-84.4474,-9.40723,0.276888,-0.0215591,-162.743,-93.8547,6.36906
"5T35_220",220,Done,31.281,-10.8706,"5t35-grid",-10.871,-4.75044,0,-0,-1.88702,-74.6487,-4.91412,0.245509,-0.00944526,-128.39,-79.5628,6.37892
"5T35_221",221,Done,26.797,-12.3775,"5t35-grid",-12.378,-4.95945,-0.427045,-0,-1.70823,-79.1273,-10.456,0.245509,-0.00405541,-154.397,-89.5833,7.33268
"5T35_222",222,Done,36.516,-14.903,"5t35-grid",-14.9033,-6.94557,-0.434958,-0,-1.83915,-88.063,-10.0006,0.234848,-0.0152789,-182.277,-98.0635,7.83308
"5T35_223",223,Done,29.125,-12.8441,"5t35-grid",-12.8446,-5.48949,-0.355901,-0,-1.82108,-78.0965,-10.1983,0.257431,-0.00100406,-160.935,-88.2948,5.59957
"5T35_224",224,Done,32.5,-12.9864,"5t35-grid",-12.9868,-6.56954,0,-0,-1.6516,-86.2878,-4.3973,0.232748,-0.0244561,-160.917,-90.6851,3.35531
"5T35_225",225,Done,25.906,-13.0864,"5t35-grid",-13.0869,-5.29749,-0.601174,-0,-1.81008,-84.4474,-9.40723,0.276888,-0.0215591,-162.743,-93.8547,6.36906
"5T35_226",226,Done,32.922,-12.9864,"5t35-grid",-12.9868,-6.56954,0,-0,-1.6516,-86.2878,-4.3973,0.232748,-0.0244561,-160.917,-90.6851,3.35531
"5T35_227",227,Done,27.078,-12.8806,"5t35-grid",-12.8811,-4.81425,-0.670375,-0,-1.62568,-78.6622,-14.0275,0.266477,0,-152.427,-92.6897,13.2547
"5T35_228",228,Done,34.532,-12.9864,"5t35-grid",-12.9868,-6.56954,0,-0,-1.6516,-86.2878,-4.3973,0.232748,-0.0244561,-160.917,-90.6851,3.35531
"5T35_229",229,Done,34.547,-12.9864,"5t35-grid",-12.9868,-6.56954,0,-0,-1.6516,-86.2878,-4.3973,0.232748,-0.0244561,-160.917,-90.6851,3.35531
"5T35_230",230,Done,27.515,-12.3775,"5t35-grid",-12.378,-4.95945,-0.427045,-0,-1.70823,-79.1273,-10.456,0.245509,-0.00405541,-154.397,-89.5833,7.33268
"5T35_231",231,Done,28.875,-12.8806,"5t35-grid",-12.8811,-4.81425,-0.670375,-0,-1.62568,-78.6622,-14.0275,0.266477,0,-152.427,-92.6897,13.2547
"5T35_232",232,Done,30.312,-17.3129,"5t35-grid",-17.3133,-6.99488,-0.703846,-0,-2.2773,-93.6971,-19.1911,0.247615,-0.0214069,-221.968,-112.888,8.05553
"5T35_233",233,Done,35.188,-12.9864,"5t35-grid",-12.9868,-6.56954,0,-0,-1.6516,-86.2878,-4.3973,0.232748,-0.0244561,-160.917,-90.6851,3.35531
"5T35_234",234,Done,36.953,-14.5578,"5t35-grid",-14.5583,-6.61205,-0.32,-0,-1.82013,-90.1701,-10.1267,0.255338,-0.0339083,-170.74,-100.297,15.3003
"5T35_235",235,Done,33.594,-12.9864,"5t35-grid",-12.9868,-6.56954,0,-0,-1.6516,-86.2878,-4.3973,0.232748,-0.0244561,-160.917,-90.6851,3.35531
"5T35_236",236,Done,35.375,-14.903,"5t35-grid",-14.9033,-6.94557,-0.434958,-0,-1.83915,-88.063,-10.0006,0.234848,-0.0152789,-182.277,-98.0635,7.83308
"5T35_237",237,Done,27.359,-12.1807,"5t35-grid",-12.181,-4.39079,-0.608,-0,-1.79144,-76.3207,-12.3145,0.27898,-0.00650803,-149.061,-88.6353,8.8667
"5T35_238",238,Done,39.484,-14.5578,"5t35-grid",-14.5583,-6.61205,-0.32,-0,-1.82013,-90.1701,-10.1267,0.255338,-0.0339083,-170.74,-100.297,15.3003
"5T35_239",239,Done,27,-12.8806,"5t35-grid",-12.8811,-4.81425,-0.670375,-0,-1.62568,-78.6622,-14.0275,0.266477,0,-152.427,-92.6897,13.2547
"5T35_240",240,Done,32.391,-10.8706,"5t35-grid",-10.871,-4.75044,0,-0,-1.88702,-74.6487,-4.91412,0.245509,-0.00944526,-128.39,-79.5628,6.37892
"5T35_241",241,Done,43.359,-13.1114,"5t35-grid",-13.1118,-4.60376,-0.72,-0,-1.70109,-75.3924,-16.2322,0.263464,-0.145966,-161.618,-91.6247,7.60471
"5T35_242",242,Done,27.454,-12.8806,"5t35-grid",-12.8811,-4.81425,-0.670375,-0,-1.62568,-78.6622,-14.0275,0.266477,0,-152.427,-92.6897,13.2547
"5T35_243",243,Done,39.235,-13.7654,"5t35-grid",-13.7658,-6.21078,-0.247233,-0,-2.01044,-89.6125,-7.22173,0.268571,-0.00207707,-170.644,-96.8343,6.32062
"5T35_244",244,Done,33.765,-12.9864,"5t35-grid",-12.9868,-6.56954,0,-0,-1.6516,-86.2878,-4.3973,0.232748,-0.0244561,-160.917,-90.6851,3.35531
"5T35_245",245,Done,35.438,-14.903,"5t35-grid",-14.9033,-6.94557,-0.434958,-0,-1.83915,-88.063,-10.0006,0.234848,-0.0152789,-182.277,-98.0635,7.83308
"5T35_246",246,Done,33.328,-12.9864,"5t35-grid",-12.9868,-6.56954,0,-0,-1.6516,-86.2878,-4.3973,0.232748,-0.0244561,-160.917,-90.6851,3.35531
"5T35_247",247,Done,30.75,-12.8441,"5t35-grid",-12.8446,-5.48949,-0.355901,-0,-1.82108,-78.0965,-10.1983,0.257431,-0.00100406,-160.935,-88.2948,5.59957
"5T35_248",248,Done,26.032,-10.5008,"5t35-grid",-10.5011,-4.51958,0,-0,-1.72759,-72.6338,-5.86437,0.257431,0,-127.461,-78.4982,5.08118
"5T35_249",249,Done,33.359,-12.9864,"5t35-grid",-12.9868,-6.56954,0,-0,-1.6516,-86.2878,-4.3973,0.232748,-0.0244561,-160.917,-90.6851,3.35531
"5T35_250",250,Done,30.016,-12.9864,"5t35-grid",-12.9868,-6.56954,0,-0,-1.6516,-86.2878,-4.3973,0.232748,-0.0244561,-160.917,-90.6851,3.35531
